Model,Accuracy,Precision,Recall,F1-Score,ROC-AUC
XGBoost,0.9130434782608695,0.93,0.9117647058823529,0.9207920792079208,0.947274031563845
RandomForest,0.8586956521739131,0.8584905660377359,0.8921568627450981,0.875,0.9318507890961262
SVM,0.8532608695652174,0.8571428571428571,0.8823529411764706,0.8695652173913043,0.9320899091343854
